{
  "Delete_User" : {
    "transaction" : "Delete_User",
    "sampleCount" : 10,
    "errorCount" : 0,
    "errorPct" : 0.0,
    "meanResTime" : 347.7,
    "medianResTime" : 349.5,
    "minResTime" : 321.0,
    "maxResTime" : 373.0,
    "pct1ResTime" : 371.5,
    "pct2ResTime" : 373.0,
    "pct3ResTime" : 373.0,
    "throughput" : 16.949152542372882,
    "receivedKBytesPerSec" : 18.129303495762713,
    "sentKBytesPerSec" : 3.3765889830508478
  },
  "Post-Createuser" : {
    "transaction" : "Post-Createuser",
    "sampleCount" : 10,
    "errorCount" : 0,
    "errorPct" : 0.0,
    "meanResTime" : 510.29999999999995,
    "medianResTime" : 519.0,
    "minResTime" : 380.0,
    "maxResTime" : 620.0,
    "pct1ResTime" : 610.6,
    "pct2ResTime" : 620.0,
    "pct3ResTime" : 620.0,
    "throughput" : 16.129032258064516,
    "receivedKBytesPerSec" : 19.554876512096776,
    "sentKBytesPerSec" : 3.9535030241935485
  },
  "Total" : {
    "transaction" : "Total",
    "sampleCount" : 40,
    "errorCount" : 5,
    "errorPct" : 12.5,
    "meanResTime" : 799.1500000000002,
    "medianResTime" : 403.5,
    "minResTime" : 321.0,
    "maxResTime" : 2175.0,
    "pct1ResTime" : 2166.6,
    "pct2ResTime" : 2175.0,
    "pct3ResTime" : 2175.0,
    "throughput" : 11.210762331838565,
    "receivedKBytesPerSec" : 16.042940285173767,
    "sentKBytesPerSec" : 2.446880255044843
  },
  "Get_Listuser" : {
    "transaction" : "Get_Listuser",
    "sampleCount" : 10,
    "errorCount" : 5,
    "errorPct" : 50.0,
    "meanResTime" : 1964.2,
    "medianResTime" : 2038.5,
    "minResTime" : 1562.0,
    "maxResTime" : 2175.0,
    "pct1ResTime" : 2175.0,
    "pct2ResTime" : 2175.0,
    "pct3ResTime" : 2175.0,
    "throughput" : 4.593477262287552,
    "receivedKBytesPerSec" : 10.301231626090951,
    "sentKBytesPerSec" : 0.8388478984841525
  },
  "PuT-Updateuser" : {
    "transaction" : "PuT-Updateuser",
    "sampleCount" : 10,
    "errorCount" : 0,
    "errorPct" : 0.0,
    "meanResTime" : 374.40000000000003,
    "medianResTime" : 368.0,
    "minResTime" : 348.0,
    "maxResTime" : 407.0,
    "pct1ResTime" : 406.3,
    "pct2ResTime" : 407.0,
    "pct3ResTime" : 407.0,
    "throughput" : 16.611295681063122,
    "receivedKBytesPerSec" : 19.92544383305648,
    "sentKBytesPerSec" : 4.087936046511628
  }
}